Diet_type,Protein(g)
keto,101.26650793650794
mediterranean,101.11231602966345
paleo,88.67476452119308
dash,69.28227507163324
vegan,56.15703022339028
